Theory object,EvoQuant implementation,Role in paper
Market state compilation,data_layer collectors + logic_pipeline DAG,Core system
Breadth,43 domains / 13 audit bands / asset_readiness,Hierarchical B_hier
Stability,pipeline_latency freshness summary,U in WMI/ACWMI
Honesty,quality_flag + exclusion/contamination,Continuous H_cont
Signal integrity,alpha_decay half-life/crowding/surprise,S factor
Consistency,cross-band directional agreement,C factor
Mechanism engines,regime/cascade/contagion/flow/vol,Psi_mech
Degraded operation,DegradationManager levels,Resilient honesty
Abstention,should_ai_abstain + AC policy,State-dependent refusal
