date,asset,funding_rate_daily
2026-05-05,ADA,0.0001
2026-05-05,AVAX,0.0001
2026-05-05,BTC,-2.49329738473e-05
2026-05-05,DOT,0.0001
2026-05-05,ETH,9.1635663424e-06
2026-05-05,LINK,0.0001
2026-05-05,NEAR,6.85669111579e-05
2026-05-05,SOL,0.0001
2026-05-05,XRP,0.0001
2026-05-06,ADA,0.00030000000000000003
2026-05-06,AVAX,0.00030000000000000003
2026-05-06,BTC,-2.58931062062e-05
2026-05-06,DOT,0.00030000000000000003
2026-05-06,ETH,0.0001757098958436
2026-05-06,LINK,0.00030000000000000003
2026-05-06,NEAR,0.00030000000000000003
2026-05-06,SOL,0.0002430364096729
2026-05-06,XRP,0.0001708087932786
2026-05-07,ADA,0.00030000000000000003
2026-05-07,AVAX,0.0002200397484542
2026-05-07,BTC,4.557374203170001e-05
2026-05-07,DOT,0.0002642501437583
2026-05-07,ETH,0.0001078878549562
2026-05-07,LINK,0.0002396234211422
2026-05-07,NEAR,0.00030000000000000003
2026-05-07,SOL,0.0001118467859289
2026-05-07,XRP,-9.45948005291e-05
2026-05-08,ADA,0.00030000000000000003
2026-05-08,AVAX,0.00030000000000000003
2026-05-08,BTC,2.95204195716e-05
2026-05-08,DOT,0.00030000000000000003
2026-05-08,ETH,0.0001778984582184
2026-05-08,LINK,0.000219843348901
2026-05-08,NEAR,0.0001803875402255
2026-05-08,SOL,0.0001298265320858
2026-05-08,XRP,-0.00014578556530409997
2026-05-09,ADA,0.00030000000000000003
2026-05-09,AVAX,0.00022029002189190002
2026-05-09,BTC,1.1170705560300008e-05
2026-05-09,DOT,0.00030000000000000003
2026-05-09,ETH,0.0002641336774683
2026-05-09,LINK,0.00013876871506300002
2026-05-09,NEAR,0.00030000000000000003
2026-05-09,SOL,-5.616477616099999e-06
2026-05-09,XRP,0.00027121731493010004
2026-05-10,ADA,0.00015217064052580002
2026-05-10,AVAX,0.00026604799175580004
2026-05-10,BTC,0.0001044114305044
2026-05-10,DOT,0.00017202740948650002
2026-05-10,ETH,0.0002418721450932
2026-05-10,LINK,0.0001016228057491
2026-05-10,NEAR,0.0002306055979583
2026-05-10,SOL,-1.40603196399e-05
2026-05-10,XRP,0.0002437928913583
2026-05-11,ADA,6.0941581999400006e-05
2026-05-11,AVAX,0.0002063593735573
2026-05-11,BTC,0.000135535056084
2026-05-11,DOT,0.0001227584390895
2026-05-11,ETH,0.0002282671784536
2026-05-11,LINK,0.0002688277541408
2026-05-11,NEAR,0.00021818435204920002
2026-05-11,SOL,8.121287433009999e-05
2026-05-11,XRP,0.0002992129683483
2026-05-12,ADA,3.850493340810001e-05
2026-05-12,AVAX,-9.09949492261e-05
2026-05-12,BTC,-9.35879124963e-05
2026-05-12,DOT,0.0001287468714115
2026-05-12,ETH,0.00017089580734110002
2026-05-12,LINK,2.35961746047e-05
2026-05-12,NEAR,0.00010591336630880001
2026-05-12,SOL,1.5029242025900008e-05
2026-05-12,XRP,0.000125568259569
2026-05-13,ADA,-0.000293461713555
2026-05-13,AVAX,-3.09905808317e-05
2026-05-13,BTC,0.00012018314527300001
2026-05-13,DOT,0.0002378448370003
2026-05-13,ETH,0.00018561708660150001
2026-05-13,LINK,0.000172627695961
2026-05-13,NEAR,-8.836659121139999e-05
2026-05-13,SOL,0.00010010458655010001
2026-05-13,XRP,0.0001944298653252
2026-05-14,ADA,9.82613074666e-05
2026-05-14,AVAX,8.06516807666e-05
2026-05-14,BTC,0.0001149960494442
2026-05-14,DOT,0.00019056341951280003
2026-05-14,ETH,0.0001145233906285
2026-05-14,LINK,8.28893397693e-05
2026-05-14,NEAR,0.00030000000000000003
2026-05-14,SOL,-0.0001973187323037
2026-05-14,XRP,0.0001216515956109
2026-05-15,ADA,8.978669738240001e-05
2026-05-15,AVAX,-3.60046974935e-05
2026-05-15,BTC,6.87276148753e-05
2026-05-15,DOT,0.0001319746975417
2026-05-15,ETH,0.0001760587160632
2026-05-15,LINK,-2.9065618115699995e-05
2026-05-15,NEAR,0.00026089310446110003
2026-05-15,SOL,6.86313863534e-05
2026-05-15,XRP,0.00010666605300090001
2026-05-16,ADA,-1.896264326589999e-05
2026-05-16,AVAX,6.87114115118e-05
2026-05-16,BTC,0.0002436142984665
2026-05-16,DOT,2.272550167200001e-05
2026-05-16,ETH,0.0001894261106679
2026-05-16,LINK,-5.2980317989e-05
2026-05-16,NEAR,0.00030000000000000003
2026-05-16,SOL,7.78351850591e-05
2026-05-16,XRP,8.01148352964e-05
2026-05-17,ADA,7.025905565990001e-05
2026-05-17,AVAX,-0.0001144522073527
2026-05-17,BTC,3.6981298432499996e-05
2026-05-17,DOT,9.89461555296e-05
2026-05-17,ETH,0.0001164384906594
2026-05-17,LINK,-1.9448224659399998e-05
2026-05-17,NEAR,0.00030000000000000003
2026-05-17,SOL,-0.0002088339285817
2026-05-17,XRP,-0.00011045471649919999
2026-05-18,ADA,9.06428488246e-05
2026-05-18,AVAX,-6.58606307392e-05
2026-05-18,BTC,0.0001443117404018
2026-05-18,DOT,-0.0001394387826111
2026-05-18,ETH,6.05714799949e-05
2026-05-18,LINK,0.0001258036440863
2026-05-18,NEAR,0.0001530897478629
2026-05-18,SOL,-4.10197830817e-05
2026-05-18,XRP,-2.5688894462e-05
2026-05-19,ADA,0.0002349163457006
2026-05-19,AVAX,0.0001883581973094
2026-05-19,BTC,0.0002278482275945
2026-05-19,DOT,0.0002689845340451
2026-05-19,ETH,0.00013175566746390002
2026-05-19,LINK,4.29135299027e-05
2026-05-19,NEAR,0.0002233992791953
2026-05-19,SOL,-6.45321015649e-05
2026-05-19,XRP,-1.9650915479300003e-05
2026-05-20,ADA,0.0002816428234434
2026-05-20,AVAX,-0.0001325999623181
2026-05-20,BTC,0.0001664413398549
2026-05-20,DOT,7.911981040100001e-05
2026-05-20,ETH,0.0001360357787752
2026-05-20,LINK,0.0002515059005328
2026-05-20,NEAR,0.00028807796092140004
2026-05-20,SOL,-1.12213455484e-05
2026-05-20,XRP,0.0001341272664446
2026-05-21,ADA,0.0002151872548709
2026-05-21,AVAX,0.00010336793768709999
2026-05-21,BTC,0.000138307641848
2026-05-21,DOT,0.00030000000000000003
2026-05-21,ETH,0.0002216663320382
2026-05-21,LINK,0.0001555327319576
2026-05-21,NEAR,0.000238483572078
2026-05-21,SOL,0.0001024609345605
2026-05-21,XRP,0.0002613208812357
2026-05-22,ADA,0.00030000000000000003
2026-05-22,AVAX,0.00030000000000000003
2026-05-22,BTC,8.53462970092e-05
2026-05-22,DOT,0.00030000000000000003
2026-05-22,ETH,0.00024185030911899998
2026-05-22,LINK,0.00024872724406430004
2026-05-22,NEAR,0.000272524808148
2026-05-22,SOL,5.01919719558e-05
2026-05-22,XRP,7.247941510270001e-05
2026-05-23,ADA,-0.0001091632665309
2026-05-23,AVAX,-0.0001937130468024
2026-05-23,BTC,6.57406315378e-05
2026-05-23,DOT,0.0002108170570128
2026-05-23,ETH,0.0001838734089312
2026-05-23,LINK,-0.00023143956071730002
2026-05-23,NEAR,6.567691598780001e-05
2026-05-23,SOL,-0.00013661365511610001
2026-05-23,XRP,5.03622897124e-05
2026-05-24,ADA,0.00014689613566
2026-05-24,AVAX,0.00010001757686960001
2026-05-24,BTC,0.0001678160214976
2026-05-24,DOT,0.0001833579918624
2026-05-24,ETH,0.00015405493535469998
2026-05-24,LINK,0.0001429146949027
2026-05-24,NEAR,0.00012936511910280002
2026-05-24,SOL,7.43965778246e-05
2026-05-24,XRP,8.752410368739999e-05
2026-05-25,ADA,-3.240097620300003e-06
2026-05-25,AVAX,0.0001484230137959
2026-05-25,BTC,1.91607430844e-05
2026-05-25,DOT,0.00030000000000000003
2026-05-25,ETH,6.97375990808e-05
2026-05-25,LINK,0.0001265034973801
2026-05-25,NEAR,0.0001222036141126
2026-05-25,SOL,-2.4495158869200003e-05
2026-05-25,XRP,0.0002393115087176
2026-05-26,ADA,0.0001878488272967
2026-05-26,AVAX,0.00023944374765100002
2026-05-26,BTC,0.0001350178951999
2026-05-26,DOT,0.00030000000000000003
2026-05-26,ETH,8.23516491637e-05
2026-05-26,LINK,0.0001623216114617
2026-05-26,NEAR,-0.0001718373840158
2026-05-26,SOL,-1.9237965057799996e-05
2026-05-26,XRP,8.87497284976e-05
2026-05-27,ADA,0.00010127411025130001
2026-05-27,AVAX,2.4005172218700006e-05
2026-05-27,BTC,0.0001739686931745
2026-05-27,DOT,0.00016357789700330002
2026-05-27,ETH,0.0002171064982063
2026-05-27,LINK,0.0001709372972792
2026-05-27,NEAR,0.0002379920955021
2026-05-27,SOL,-0.00014273095703699998
2026-05-27,XRP,-0.0001025179774776
2026-05-28,ADA,-0.00012086935148869999
2026-05-28,AVAX,-0.0002224175686537
2026-05-28,BTC,0.0002874903962024
2026-05-28,DOT,-0.000130210991868
2026-05-28,ETH,0.0002625523536653
2026-05-28,LINK,3.35835360798e-05
2026-05-28,NEAR,0.00030000000000000003
2026-05-28,SOL,-6.72028752914e-05
2026-05-28,XRP,9.828776022700013e-06
2026-05-29,ADA,0.0002954128006178
2026-05-29,AVAX,0.00030000000000000003
2026-05-29,BTC,0.00020173914879389999
2026-05-29,DOT,0.00030000000000000003
2026-05-29,ETH,0.0002302157795499
2026-05-29,LINK,0.0001482735587539
2026-05-29,NEAR,0.0002286948763915
2026-05-29,SOL,0.0002180308035949
2026-05-29,XRP,1.67203808788e-05
2026-05-30,ADA,-0.0002819772940474
2026-05-30,AVAX,0.00020622699408710002
2026-05-30,BTC,6.86009239121e-05
2026-05-30,DOT,0.00030000000000000003
2026-05-30,ETH,0.0001628312362182
2026-05-30,LINK,0.000157532842439
2026-05-30,NEAR,0.000231449679316
2026-05-30,SOL,0.0002433594595463
2026-05-30,XRP,8.57199944668e-05
2026-05-31,ADA,5.1622397019899996e-05
2026-05-31,AVAX,8.080714547489999e-05
2026-05-31,BTC,1.7785734324599998e-05
2026-05-31,DOT,8.70532356013e-05
2026-05-31,ETH,0.0001368255273232
2026-05-31,LINK,0.000178431401117
2026-05-31,NEAR,3.215953423439999e-05
2026-05-31,SOL,0.0001153742434822
2026-05-31,XRP,7.3485875694e-05
2026-06-01,ADA,9.740832579790001e-05
2026-06-01,AVAX,0.0001904895546652
2026-06-01,BTC,0.0001703590465584
2026-06-01,DOT,0.00030000000000000003
2026-06-01,ETH,0.0002961547649145
2026-06-01,LINK,0.0002071176414931
2026-06-01,NEAR,-0.00010321980050469999
2026-06-01,SOL,0.0002134149510944
2026-06-01,XRP,0.0002024135796057
2026-06-02,ADA,-0.0002416774829684
2026-06-02,AVAX,9.47625089892e-05
2026-06-02,BTC,0.00030000000000000003
2026-06-02,DOT,-0.00019752824434080002
2026-06-02,ETH,0.00030000000000000003
2026-06-02,LINK,3.9922933067600006e-05
2026-06-02,NEAR,9.39359042603e-05
2026-06-02,SOL,0.0001537682099114
2026-06-02,XRP,0.00010775177550200001
2026-06-03,ADA,0.0001824978259349
2026-06-03,AVAX,-9.7380503245e-06
2026-06-03,BTC,0.0002144337060887
2026-06-03,DOT,2.6469120783600007e-05
2026-06-03,ETH,0.0001869578388669
2026-06-03,LINK,0.00015373910979649998
2026-06-03,NEAR,0.00030000000000000003
2026-06-03,SOL,-0.0002444238661656
2026-06-03,XRP,-3.79646211029e-05
2026-06-04,ADA,0.00010528045143940002
2026-06-04,AVAX,7.611866114e-05
2026-06-04,BTC,0.0001212979524457
2026-06-04,DOT,-9.155332633349999e-05
2026-06-04,ETH,0.0001699135080957
2026-06-04,LINK,-3.0462374822099998e-05
2026-06-04,NEAR,-0.00015776870193570002
2026-06-04,SOL,-0.0001126009348003
2026-06-04,XRP,7.835294387370001e-05
2026-06-05,ADA,0.0002263770467671
2026-06-05,AVAX,2.4734021604000055e-06
2026-06-05,BTC,7.665244401999996e-06
2026-06-05,DOT,0.00014670435315430002
2026-06-05,ETH,-4.53235472475e-05
2026-06-05,LINK,-0.0001019691017065
2026-06-05,NEAR,0.00011128693251960001
2026-06-05,SOL,-0.0002294670444812
2026-06-05,XRP,-8.757210552880001e-05
2026-06-06,ADA,-0.0001039537000231
2026-06-06,AVAX,-1.8126827921000023e-06
2026-06-06,BTC,-5.36369337253e-05
2026-06-06,DOT,-0.0001966730943353
2026-06-06,ETH,-0.0002829455822979
2026-06-06,LINK,-9.954141815099999e-05
2026-06-06,NEAR,0.00022918880497280002
2026-06-06,SOL,-0.0004096937178614
2026-06-06,XRP,7.604038154110001e-05
2026-06-07,ADA,-0.0003262209239274
2026-06-07,AVAX,-0.0002631699630383
2026-06-07,BTC,-6.17531990199e-05
2026-06-07,DOT,-6.32475602982e-05
2026-06-07,ETH,-0.0003760069760382
2026-06-07,LINK,-0.0001132120115466
2026-06-07,NEAR,8.304210254100003e-06
2026-06-07,SOL,-0.0006818158788413
2026-06-07,XRP,-0.0002089882947629
2026-06-08,ADA,2.031901715169999e-05
2026-06-08,AVAX,1.3493713049000028e-06
2026-06-08,BTC,2.209406140250001e-05
2026-06-08,DOT,0.0001977581339834
2026-06-08,ETH,-0.0001573748017639
2026-06-08,LINK,-8.498480498999996e-07
2026-06-08,NEAR,5.5439046747500004e-05
2026-06-08,SOL,-0.0004656062618878
2026-06-08,XRP,4.88622158069e-05
2026-06-09,ADA,-1.3887467491000007e-05
2026-06-09,AVAX,-0.0001638579164499
2026-06-09,BTC,1.61312034063e-05
2026-06-09,DOT,-0.0002011844610261
2026-06-09,ETH,-0.0002388723697117
2026-06-09,LINK,-2.2245576421200005e-05
2026-06-09,NEAR,0.0002641702319876
2026-06-09,SOL,-7.54416134298e-05
2026-06-09,XRP,-6.370227652999914e-07
2026-06-10,ADA,9.331277127480001e-05
2026-06-10,AVAX,-0.0002102331541547
2026-06-10,BTC,2.2904103129600003e-05
2026-06-10,DOT,0.0002057142727231
2026-06-10,ETH,-3.9205611618400004e-05
2026-06-10,LINK,8.51780007126e-05
2026-06-10,NEAR,0.0001530290742588
2026-06-10,SOL,0.0001180200592442
2026-06-10,XRP,0.0002202635336363
2026-06-11,ADA,0.0002728976185649
2026-06-11,AVAX,-0.0001440544480357
2026-06-11,BTC,-0.000127747170933
2026-06-11,DOT,0.0002023360604046
2026-06-11,ETH,-0.0001599704553558
2026-06-11,LINK,-0.0001765930648602
2026-06-11,NEAR,0.0002239417512365
2026-06-11,SOL,-1.6104049871799995e-05
2026-06-11,XRP,0.0001479437934753
2026-06-12,ADA,0.00010819484914839999
2026-06-12,AVAX,-0.0002149879999274
2026-06-12,BTC,-1.3930088455500002e-05
2026-06-12,DOT,2.6906154329399998e-05
2026-06-12,ETH,-0.0001181463769319
2026-06-12,LINK,-6.36832092292e-05
2026-06-12,NEAR,0.00010223692097520001
2026-06-12,SOL,-0.0001890233955978
2026-06-12,XRP,-3.74721100931e-05
2026-06-13,ADA,0.00016017601852850002
2026-06-13,AVAX,7.24916005849e-05
2026-06-13,BTC,-4.6148313034199994e-05
2026-06-13,DOT,-8.0034589585e-06
2026-06-13,ETH,-4.06306325304e-05
2026-06-13,LINK,0.00012598751916529998
2026-06-13,NEAR,5.9900887796299996e-05
2026-06-13,SOL,-6.37310729798e-05
2026-06-13,XRP,1.1685922024600001e-05
2026-06-14,ADA,-0.00035774430233459996
2026-06-14,AVAX,-0.00034004509770840005
2026-06-14,BTC,-0.0001411037987953
2026-06-14,DOT,-0.0003061225395448
2026-06-14,ETH,3.88412943406e-05
2026-06-14,LINK,-0.0002592606887298
2026-06-14,NEAR,0.0002098163378287
2026-06-14,SOL,-0.0001793320759018
2026-06-14,XRP,-5.2902427702099997e-05
2026-06-15,ADA,0.0002986529216223
2026-06-15,AVAX,0.0002188331659747
2026-06-15,BTC,-0.0002011744053901
2026-06-15,DOT,0.0002159231663513
2026-06-15,ETH,-3.74631523454e-05
2026-06-15,LINK,0.0001425695377268
2026-06-15,NEAR,0.00030000000000000003
2026-06-15,SOL,-0.0001993209131387
2026-06-15,XRP,-8.54922249764e-05
2026-06-16,ADA,-0.0002667984806549
2026-06-16,AVAX,-9.754324008020001e-05
2026-06-16,BTC,-8.31919629662e-05
2026-06-16,DOT,0.00020138117354190002
2026-06-16,ETH,4.79953266092e-05
2026-06-16,LINK,0.0001219789081323
2026-06-16,NEAR,0.00016190085334170001
2026-06-16,SOL,7.084311877e-06
2026-06-16,XRP,0.0002076670839652
2026-06-17,ADA,1.2880929221300002e-05
2026-06-17,AVAX,0.0001883535950056
2026-06-17,BTC,-2.3140932940999996e-05
2026-06-17,DOT,0.0001773513541623
2026-06-17,ETH,3.7472352678e-05
2026-06-17,LINK,0.0002392756422653
2026-06-17,NEAR,-8.569167196000001e-06
2026-06-17,SOL,-4.14670204208e-05
2026-06-17,XRP,-7.34384431133e-05
2026-06-18,ADA,9.02887084299e-05
2026-06-18,AVAX,-0.0005785482785677001
2026-06-18,BTC,6.77697527528e-05
2026-06-18,DOT,-0.000133290479932
2026-06-18,ETH,6.75233911086e-05
2026-06-18,LINK,-5.73279607543e-05
2026-06-18,NEAR,0.00030000000000000003
2026-06-18,SOL,-5.432406500300002e-06
2026-06-18,XRP,6.24802194668e-05
2026-06-19,ADA,0.0001748160875182
2026-06-19,AVAX,-0.0005200817215782
2026-06-19,BTC,2.8803280440099998e-05
2026-06-19,DOT,0.0001817350408153
2026-06-19,ETH,-2.6597345257399997e-05
2026-06-19,LINK,0.00020143992082730002
2026-06-19,NEAR,0.0002714855069782
2026-06-19,SOL,0.00013849022509180003
2026-06-19,XRP,0.0002374202161541
2026-06-20,ADA,-1.5523317869200017e-05
2026-06-20,AVAX,-0.00037732730920609996
2026-06-20,BTC,3.839545293800001e-06
2026-06-20,DOT,5.44845608672e-05
2026-06-20,ETH,7.809704796e-07
2026-06-20,LINK,-3.06180061697e-05
2026-06-20,NEAR,-4.817845857259999e-05
2026-06-20,SOL,3.7753678903000043e-06
2026-06-20,XRP,-0.0001368783908914
2026-06-21,ADA,-0.0001137582695644
2026-06-21,AVAX,-0.00013146463433310002
2026-06-21,BTC,-3.56637335818e-05
2026-06-21,DOT,0.0002819110562161
2026-06-21,ETH,6.858456249329999e-05
2026-06-21,LINK,0.0001777198843715
2026-06-21,NEAR,-4.412803797199999e-06
2026-06-21,SOL,8.68047870161e-05
2026-06-21,XRP,2.577006885370001e-05
2026-06-22,ADA,2.7940924140700004e-05
2026-06-22,AVAX,0.00010904749760230001
2026-06-22,BTC,4.1363172388e-05
2026-06-22,DOT,0.0002222109185653
2026-06-22,ETH,3.46432050488e-05
2026-06-22,LINK,7.73771267495e-05
2026-06-22,NEAR,0.0002726865388131
2026-06-22,SOL,-2.42119580163e-05
2026-06-22,XRP,-8.50075773163e-05
2026-06-23,ADA,-0.0001865677219116
2026-06-23,AVAX,0.00014180762789540001
2026-06-23,BTC,8.68027182807e-05
2026-06-23,DOT,-0.0002692218118136
2026-06-23,ETH,1.9560360257899998e-05
2026-06-23,LINK,-0.0002695636382704
2026-06-23,NEAR,0.00030000000000000003
2026-06-23,SOL,-0.00010184797350959999
2026-06-23,XRP,-0.0002790969212039
2026-06-24,ADA,-0.0001414904127493
2026-06-24,AVAX,0.0002731164515051
2026-06-24,BTC,0.0001525190347615
2026-06-24,DOT,5.65654389578e-05
2026-06-24,ETH,9.608758767790001e-05
2026-06-24,LINK,-1.6142828180999998e-05
2026-06-24,NEAR,0.0002714778380404
2026-06-24,SOL,-0.0001900638583471
2026-06-24,XRP,-0.00018691676754049999
2026-06-25,ADA,-0.0001341174400531
2026-06-25,AVAX,7.58317475333e-05
2026-06-25,BTC,-0.00015835273840560002
2026-06-25,DOT,0.00019838435002450002
2026-06-25,ETH,-1.790381066659999e-05
2026-06-25,LINK,-7.402159330599998e-06
2026-06-25,NEAR,0.00023929127888520002
2026-06-25,SOL,-0.0001878452287006
2026-06-25,XRP,-0.00037734335751939997
2026-06-26,ADA,8.56701236829e-05
2026-06-26,AVAX,7.0986070878e-05
2026-06-26,BTC,9.30806688202e-05
2026-06-26,DOT,0.0001474532287203
2026-06-26,ETH,-5.51204200412e-05
2026-06-26,LINK,0.0001862630487848
2026-06-26,NEAR,0.00030000000000000003
2026-06-26,SOL,0.0001499896219034
2026-06-26,XRP,-0.0004075489509592
2026-06-27,ADA,1.4400141700200013e-05
2026-06-27,AVAX,0.0002106956708965
2026-06-27,BTC,0.0001234458095158
2026-06-27,DOT,0.0002807780112611
2026-06-27,ETH,-5.18840968372e-05
2026-06-27,LINK,0.00022693148719670002
2026-06-27,NEAR,0.00012176144485770001
2026-06-27,SOL,0.00020471708168080002
2026-06-27,XRP,-0.0004626553562624
2026-06-28,ADA,-0.0003934261978678
2026-06-28,AVAX,3.0688070828400004e-05
2026-06-28,BTC,0.000111771198734
2026-06-28,DOT,-0.0001245004734377
2026-06-28,ETH,5.09338709371e-05
2026-06-28,LINK,0.00014211348428670002
2026-06-28,NEAR,0.0001436170100339
2026-06-28,SOL,0.00020534221291490003
2026-06-28,XRP,-0.0003135189011964
2026-06-29,ADA,-0.00011551249709800001
2026-06-29,AVAX,0.000201571027519
2026-06-29,BTC,0.0001268189214811
2026-06-29,DOT,0.0001698805682479
2026-06-29,ETH,-1.6124512142000002e-06
2026-06-29,LINK,8.46636239811e-05
2026-06-29,NEAR,0.00030000000000000003
2026-06-29,SOL,0.0001416376795188
2026-06-29,XRP,-0.00013494594661440001
2026-06-30,ADA,-2.6632346068899986e-05
2026-06-30,AVAX,-3.61982659745e-05
2026-06-30,BTC,0.000200891112035
2026-06-30,DOT,0.0002779764767768
2026-06-30,ETH,0.0001041576664316
2026-06-30,LINK,0.00022684812184760002
2026-06-30,NEAR,0.00030000000000000003
2026-06-30,SOL,0.000263833067275
2026-06-30,XRP,-0.00011509216948709999
2026-07-01,ADA,0.0002977349935375
2026-07-01,AVAX,0.0002171173315818
2026-07-01,BTC,9.84532500233e-05
2026-07-01,DOT,0.00030000000000000003
2026-07-01,ETH,0.00010549197110890001
2026-07-01,LINK,0.0001814249565188
2026-07-01,NEAR,0.00030000000000000003
2026-07-01,SOL,0.0001864440241125
2026-07-01,XRP,9.20547733181e-05
2026-07-02,ADA,0.00018119924010600002
2026-07-02,AVAX,5.386458325170001e-05
2026-07-02,BTC,0.0002214965775397
2026-07-02,DOT,0.0001310396881699
2026-07-02,ETH,0.00012393196797700002
2026-07-02,LINK,0.0002158644282401
2026-07-02,NEAR,0.0002907345816872
2026-07-02,SOL,9.380996782199999e-05
2026-07-02,XRP,8.64528212136e-05
2026-07-03,ADA,0.00030000000000000003
2026-07-03,AVAX,0.0001267159163789
2026-07-03,BTC,0.0002538283058701
2026-07-03,DOT,0.0001640432183611
2026-07-03,ETH,0.00017330075258519998
2026-07-03,LINK,0.0002715594652385
2026-07-03,NEAR,0.0002372523619857
2026-07-03,SOL,3.95377879444e-05
2026-07-03,XRP,7.49252073704e-05
2026-07-04,ADA,0.00030000000000000003
2026-07-04,AVAX,0.0002010269154567
2026-07-04,BTC,0.0001661111420904
2026-07-04,DOT,0.00030000000000000003
2026-07-04,ETH,0.0001699312151741
2026-07-04,LINK,0.0002779319121025
2026-07-04,NEAR,0.000189958064791
2026-07-04,SOL,0.0002417135623585
2026-07-04,XRP,0.0001088531658486
2026-07-05,ADA,0.0002939062173218
2026-07-05,AVAX,7.156920475130001e-05
2026-07-05,BTC,0.0001947582512356
2026-07-05,DOT,0.000148392193592
2026-07-05,ETH,0.0002235098130017
2026-07-05,LINK,0.0001345937786563
2026-07-05,NEAR,0.00030000000000000003
2026-07-05,SOL,0.0001416704944467
2026-07-05,XRP,6.8565035154e-05
2026-07-06,ADA,0.0002883740353427
2026-07-06,AVAX,0.0002313326604285
2026-07-06,BTC,0.00020358799057959998
2026-07-06,DOT,0.0001860812175847
2026-07-06,ETH,0.0001766893601552
2026-07-06,LINK,0.00030000000000000003
2026-07-06,NEAR,0.00030000000000000003
2026-07-06,SOL,0.00018727000955980001
2026-07-06,XRP,0.00015852810729649998
2026-07-07,ADA,0.0002747483359661
2026-07-07,AVAX,8.689483393150001e-05
2026-07-07,BTC,0.0002267737241908
2026-07-07,DOT,9.608402382410001e-05
2026-07-07,ETH,0.0001806772931778
2026-07-07,LINK,0.00027125589640050003
2026-07-07,NEAR,0.00021257682500730002
2026-07-07,SOL,3.84211195883e-05
2026-07-07,XRP,6.27273183844e-05
2026-07-08,ADA,0.00015146573993499998
2026-07-08,AVAX,-0.00019345264494860002
2026-07-08,BTC,0.0001865023940807
2026-07-08,DOT,4.6963409452300005e-05
2026-07-08,ETH,0.0001554698080801
2026-07-08,LINK,6.80719942429e-05
2026-07-08,NEAR,0.0001160372101086
2026-07-08,SOL,0.00015235081818150003
2026-07-08,XRP,8.60247574914e-05
2026-07-09,ADA,0.0002518300569293
2026-07-09,AVAX,0.0001715247427437
2026-07-09,BTC,0.00010883471837490001
2026-07-09,DOT,0.00021180998482260002
2026-07-09,ETH,6.05320584247e-05
2026-07-09,LINK,0.00021434085662200002
2026-07-09,NEAR,0.000122855587572
2026-07-09,SOL,9.079625442749999e-05
2026-07-09,XRP,6.999955339159999e-05
2026-07-10,ADA,-4.888162806779999e-05
2026-07-10,AVAX,0.00021907163560070002
2026-07-10,BTC,0.00023282303005790002
2026-07-10,DOT,0.0002128043070255
2026-07-10,ETH,7.70763504984e-05
2026-07-10,LINK,0.00019481465428980001
2026-07-10,NEAR,0.0001915163677211
2026-07-10,SOL,9.8590800849e-05
2026-07-10,XRP,0.00016333218345590002
2026-07-11,ADA,-0.0001826778657022
2026-07-11,AVAX,0.0001926671619586
2026-07-11,BTC,9.476366301390001e-05
2026-07-11,DOT,0.00030000000000000003
2026-07-11,ETH,-1.1547193515899998e-05
2026-07-11,LINK,0.0002364153546931
2026-07-11,NEAR,0.0001421889044943
2026-07-11,SOL,2.51238857639e-05
2026-07-11,XRP,0.0001025844829166
2026-07-12,ADA,-0.00010264036826829999
2026-07-12,AVAX,-0.00033748724045020004
2026-07-12,BTC,0.0001857485249304
2026-07-12,DOT,0.00028528788046850004
2026-07-12,ETH,-6.35601194873e-05
2026-07-12,LINK,5.573583650920001e-05
2026-07-12,NEAR,0.000200979858939
2026-07-12,SOL,8.28627985465e-05
2026-07-12,XRP,9.91692122575e-05
2026-07-13,ADA,-7.837662278559998e-05
2026-07-13,AVAX,9.231366917210001e-05
2026-07-13,BTC,0.0001626688212577
2026-07-13,DOT,0.0002526647543999
2026-07-13,ETH,3.4236072424699995e-05
2026-07-13,LINK,0.0002116219354152
2026-07-13,NEAR,0.0002602788487445
2026-07-13,SOL,3.86106273331e-05
2026-07-13,XRP,5.31730270527e-05
2026-07-14,ADA,0.0001707803832196
2026-07-14,AVAX,0.0001285987010879
2026-07-14,BTC,0.00016225191467399998
2026-07-14,DOT,0.0002287130626798
2026-07-14,ETH,5.6753736653799995e-05
2026-07-14,LINK,9.68220233744e-05
2026-07-14,NEAR,0.0001392137779361
2026-07-14,SOL,0.0001002917919473
2026-07-14,XRP,7.131682119399996e-06
2026-07-15,ADA,0.00014336781575190001
2026-07-15,AVAX,0.00030000000000000003
2026-07-15,BTC,0.0002295691248966
2026-07-15,DOT,0.00020321593286720002
2026-07-15,ETH,9.57327208341e-05
2026-07-15,LINK,0.0002637711343314
2026-07-15,NEAR,0.0002874760909558
2026-07-15,SOL,8.12946048677e-05
2026-07-15,XRP,0.0002117576274485
2026-07-16,ADA,0.0001062597351655
2026-07-16,AVAX,0.0002119947626652
2026-07-16,BTC,0.0001339258863305
2026-07-16,DOT,0.0001309887777024
2026-07-16,ETH,0.0001536450934404
2026-07-16,LINK,0.000204581236658
2026-07-16,NEAR,0.0002824079244423
2026-07-16,SOL,7.53150891584e-05
2026-07-16,XRP,0.000101161214104
2026-07-17,ADA,-0.00014074798145029998
2026-07-17,AVAX,-1.86684017009e-05
2026-07-17,BTC,0.00013796902033639998
2026-07-17,DOT,-0.000130843258347
2026-07-17,ETH,0.00017322009580599999
2026-07-17,LINK,4.62329947246e-05
2026-07-17,NEAR,0.0002295520891863
2026-07-17,SOL,0.000103893558405
2026-07-17,XRP,0.00018809826909840002
2026-07-18,ADA,0.00017690634532700002
2026-07-18,AVAX,0.00019475640241260002
2026-07-18,BTC,0.0001751813633225
2026-07-18,DOT,-0.00043819910254319996
2026-07-18,ETH,-5.10876701832e-05
2026-07-18,LINK,0.0001176913506479
2026-07-18,NEAR,8.811958865280001e-05
2026-07-18,SOL,3.59550191368e-05
2026-07-18,XRP,-4.734194017e-05
2026-07-19,ADA,0.00018296442522190001
2026-07-19,AVAX,-2.5577535661e-05
2026-07-19,BTC,0.0001183714002682
2026-07-19,DOT,-0.0002559323429213
2026-07-19,ETH,5.42350923358e-05
2026-07-19,LINK,1.2540414561899998e-05
2026-07-19,NEAR,9.616161918140002e-05
2026-07-19,SOL,0.0001614929749281
2026-07-19,XRP,9.34931598863e-05
2026-07-20,ADA,-4.3040015413e-05
2026-07-20,AVAX,0.00012526411388420002
2026-07-20,BTC,2.89538304213e-05
2026-07-20,DOT,-0.0002541322455377
2026-07-20,ETH,6.638970276999999e-06
2026-07-20,LINK,0.0001107821921008
2026-07-20,NEAR,0.00030000000000000003
2026-07-20,SOL,-5.307079849999986e-07
2026-07-20,XRP,0.0001118716645697
2026-07-21,ADA,0.00030000000000000003
2026-07-21,AVAX,0.0002854375440604
2026-07-21,BTC,-1.3726034687199999e-05
2026-07-21,DOT,0.00030000000000000003
2026-07-21,ETH,-2.94729128208e-05
2026-07-21,LINK,0.00030000000000000003
2026-07-21,NEAR,0.00011627733836040001
2026-07-21,SOL,0.0001624625327216
2026-07-21,XRP,8.38177753419e-05
2026-07-22,ADA,0.00015325994808150002
2026-07-22,AVAX,3.41837790782e-05
2026-07-22,BTC,6.72197909138e-05
2026-07-22,DOT,0.0002807921108832
2026-07-22,ETH,-7.04801680149e-05
2026-07-22,LINK,0.00030000000000000003
2026-07-22,NEAR,-0.0002643166341727
2026-07-22,SOL,3.85223146318e-05
2026-07-22,XRP,0.0002359827314872
2026-07-23,ADA,0.0001529723370053
2026-07-23,AVAX,-0.000124878266949
2026-07-23,BTC,3.2158977957199996e-05
2026-07-23,DOT,-5.931028535569999e-05
2026-07-23,ETH,8.616730738100001e-06
2026-07-23,LINK,-3.75566146452e-05
2026-07-23,NEAR,0.0002283610511087
2026-07-23,SOL,-2.3305096038900006e-05
2026-07-23,XRP,0.0001458793087202
2026-07-24,ADA,-0.00034647776753419997
2026-07-24,AVAX,-0.0005216351375793001
2026-07-24,BTC,3.815423840600001e-05
2026-07-24,DOT,-0.00010383910640379999
2026-07-24,ETH,-4.43452608721e-05
2026-07-24,LINK,0.0001633629573088
2026-07-24,NEAR,0.00015624421678960001
2026-07-24,SOL,5.368779534500002e-06
2026-07-24,XRP,0.00011785475215119999
2026-07-25,ADA,-0.00040585703368459995
2026-07-25,AVAX,1.02974671636e-05
2026-07-25,BTC,5.6325374535300005e-05
2026-07-25,DOT,0.0001508027887179
2026-07-25,ETH,0.0001168325367536
2026-07-25,LINK,0.0001058195534124
2026-07-25,NEAR,0.0002847713840915
2026-07-25,SOL,-9.17759311283e-05
2026-07-25,XRP,5.690116081699999e-06
2026-07-26,ADA,-3.901666335719999e-05
2026-07-26,AVAX,0.00030000000000000003
2026-07-26,BTC,8.026692599610001e-05
2026-07-26,DOT,0.00020969828484030003
2026-07-26,ETH,5.6295969061599996e-05
2026-07-26,LINK,0.000130793538269
2026-07-26,NEAR,5.18271724228e-05
2026-07-26,SOL,9.38846040774e-05
2026-07-26,XRP,-6.48106771327e-05
2026-07-27,ADA,-0.0003585062799901
2026-07-27,AVAX,0.0002988003344431
2026-07-27,BTC,0.0001509800491002
2026-07-27,DOT,-9.38031735954e-05
2026-07-27,ETH,8.44822487081e-05
2026-07-27,LINK,0.00030000000000000003
2026-07-27,NEAR,0.00011043281375790002
2026-07-27,SOL,0.0001543649524779
2026-07-27,XRP,2.96624471379e-05
2026-07-28,ADA,-0.00035493569239589996
2026-07-28,AVAX,-4.913480868200001e-06
2026-07-28,BTC,2.68551795055e-05
2026-07-28,DOT,-0.0006464477988267
2026-07-28,ETH,-1.41181555859e-05
2026-07-28,LINK,-0.0002310351079905
2026-07-28,NEAR,4.16063699077e-05
2026-07-28,SOL,-0.0001286425284334
2026-07-28,XRP,-0.0002193466426699
2026-07-29,ADA,0.0002940824264601
2026-07-29,AVAX,8.13406342407e-05
2026-07-29,BTC,0.00017597187725750001
2026-07-29,DOT,0.00023204708607860001
2026-07-29,ETH,2.48406825149e-05
2026-07-29,LINK,0.000134911693244
2026-07-29,NEAR,0.0002228367410672
2026-07-29,SOL,-6.60226908944e-05
2026-07-29,XRP,8.835645800870001e-05
2026-07-30,ADA,0.00030000000000000003
2026-07-30,AVAX,4.7317684305700004e-05
2026-07-30,BTC,0.0002020647042004
2026-07-30,DOT,2.673025019240001e-05
2026-07-30,ETH,8.43444077916e-05
2026-07-30,LINK,0.0002527398980797
2026-07-30,NEAR,-0.0002271110904164
2026-07-30,SOL,3.26994906818e-05
2026-07-30,XRP,0.0001231088127438
2026-07-31,ADA,0.00030000000000000003
2026-07-31,AVAX,6.0377973290400004e-05
2026-07-31,BTC,0.0002304799110901
2026-07-31,DOT,-7.079235170009999e-05
2026-07-31,ETH,8.01281904703e-05
2026-07-31,LINK,0.0001404241109038
2026-07-31,NEAR,-0.00026476080398759997
2026-07-31,SOL,0.0001068410471843
2026-07-31,XRP,0.0001860797989516
2026-08-01,ADA,0.00030000000000000003
2026-08-01,AVAX,0.0001507427025722
2026-08-01,BTC,6.31162630579e-05
2026-08-01,DOT,0.0001532498933577
2026-08-01,ETH,-1.44304091162e-05
2026-08-01,LINK,0.0002448424105665
2026-08-01,NEAR,0.00030000000000000003
2026-08-01,SOL,0.000176566357411
2026-08-01,XRP,-0.00022189615037840002
2026-08-02,ADA,0.00030000000000000003
2026-08-02,AVAX,-0.00015858733766539997
2026-08-02,BTC,5.7178116221499994e-05
2026-08-02,DOT,0.00030000000000000003
2026-08-02,ETH,-6.383033489300002e-06
2026-08-02,LINK,0.00012239526694830002
2026-08-02,NEAR,0.0002054150398526
2026-08-02,SOL,-5.8679115756699993e-05
2026-08-02,XRP,0.0001244315299893
2026-08-03,ADA,0.0004
2026-08-03,AVAX,0.0001752783079885
2026-08-03,BTC,0.00012733485980499998
2026-08-03,DOT,0.0004
2026-08-03,ETH,6.318239965440001e-05
2026-08-03,LINK,0.00036226751828960003
2026-08-03,NEAR,0.0001758524080596
2026-08-03,SOL,0.0001085239086147
2026-08-03,XRP,0.0001801638336037
